request_id,policy_used,latency,overhead
0,adaptive_weak,1.4,0
1,adaptive_weak,1.0,0
2,adaptive_strong,1.4,0
3,adaptive_strong,1.0,0
4,adaptive_strong,1.4,0
5,adaptive_strong,1.0,0
6,adaptive_weak,1.0,0
7,adaptive_weak,1.4,0
8,adaptive_weak,1.4,0
9,adaptive_weak,1.0,0
10,adaptive_weak,1.0,0
11,adaptive_strong,1.0,0
12,adaptive_weak,1.4,0
13,adaptive_strong,1.0,0
14,adaptive_strong,1.0,0
15,adaptive_weak,1.0,0
16,adaptive_strong,1.0,0
17,adaptive_weak,1.0,0
18,adaptive_strong,1.5,1
19,adaptive_strong,1.4,0
20,adaptive_strong,1.0,0
21,adaptive_weak,1.0,0
22,adaptive_weak,1.0,0
23,adaptive_weak,1.0,0
24,adaptive_weak,1.0,0
25,adaptive_weak,1.4,0
26,adaptive_strong,1.5,1
27,adaptive_weak,1.0,0
28,adaptive_strong,1.0,0
29,adaptive_strong,1.0,0
30,adaptive_strong,1.0,0
31,adaptive_strong,1.0,0
32,adaptive_weak,1.0,0
33,adaptive_weak,1.0,0
34,adaptive_strong,1.0,0
35,adaptive_weak,1.0,0
36,adaptive_weak,1.4,0
37,adaptive_weak,1.0,0
38,adaptive_weak,1.0,0
39,adaptive_weak,1.0,0
40,adaptive_weak,1.0,0
41,adaptive_weak,1.0,0
42,adaptive_strong,1.0,0
43,adaptive_weak,1.0,0
44,adaptive_strong,1.0,0
45,adaptive_weak,1.0,0
46,adaptive_weak,1.0,0
47,adaptive_weak,1.0,0
48,adaptive_strong,1.0,0
49,adaptive_weak,1.0,0
50,adaptive_weak,1.0,0
51,adaptive_strong,1.0,0
52,adaptive_weak,1.0,0
53,adaptive_weak,1.4,0
54,adaptive_strong,1.4,0
55,adaptive_weak,1.0,0
56,adaptive_weak,1.0,0
57,adaptive_weak,1.0,0
58,adaptive_weak,1.0,0
59,adaptive_strong,1.4,0
60,adaptive_weak,1.0,0
61,adaptive_weak,1.0,0
62,adaptive_weak,1.0,0
63,adaptive_strong,1.0,0
64,adaptive_weak,1.0,0
65,adaptive_weak,1.0,0
66,adaptive_weak,1.0,0
67,adaptive_strong,1.4,0
68,adaptive_weak,1.0,0
69,adaptive_weak,1.0,0
70,adaptive_weak,1.0,0
71,adaptive_strong,1.0,0
72,adaptive_weak,1.0,0
73,adaptive_weak,1.0,0
74,adaptive_strong,1.0,0
75,adaptive_strong,1.4,0
76,adaptive_strong,1.0,0
77,adaptive_weak,1.0,0
78,adaptive_weak,1.0,0
79,adaptive_weak,1.0,0
80,adaptive_weak,1.0,0
81,adaptive_weak,1.0,0
82,adaptive_strong,1.0,0
83,adaptive_weak,1.4,0
84,adaptive_strong,1.0,0
85,adaptive_weak,1.4,0
86,adaptive_weak,1.0,0
87,adaptive_weak,1.0,0
88,adaptive_weak,1.0,0
89,adaptive_weak,1.0,0
90,adaptive_weak,1.4,0
91,adaptive_weak,1.0,0
92,adaptive_weak,1.4,0
93,adaptive_weak,1.0,0
94,adaptive_weak,1.0,0
95,adaptive_weak,1.4,0
96,adaptive_strong,1.0,0
97,adaptive_strong,1.0,0
98,adaptive_weak,1.0,0
99,adaptive_weak,1.0,0
100,adaptive_weak,1.0,0
101,adaptive_weak,1.4,0
102,adaptive_strong,1.4,0
103,adaptive_weak,1.0,0
104,adaptive_weak,1.0,0
105,adaptive_weak,1.4,0
106,adaptive_weak,1.0,0
107,adaptive_weak,1.0,0
108,adaptive_strong,1.4,0
109,adaptive_weak,1.0,0
110,adaptive_weak,1.0,0
111,adaptive_weak,1.0,0
112,adaptive_weak,1.0,0
113,adaptive_weak,1.0,0
114,adaptive_weak,1.0,0
115,adaptive_weak,1.4,0
116,adaptive_weak,1.0,0
117,adaptive_weak,1.0,0
118,adaptive_weak,1.0,0
119,adaptive_weak,1.4,0
120,adaptive_weak,1.0,0
121,adaptive_weak,1.0,0
122,adaptive_weak,1.0,0
123,adaptive_weak,1.0,0
124,adaptive_weak,1.4,0
125,adaptive_strong,1.4,0
126,adaptive_weak,1.0,0
127,adaptive_weak,1.4,0
128,adaptive_strong,1.0,0
129,adaptive_strong,1.0,0
130,adaptive_weak,1.0,0
131,adaptive_strong,1.0,0
132,adaptive_weak,1.0,0
133,adaptive_weak,1.0,0
134,adaptive_weak,1.0,0
135,adaptive_weak,1.4,0
136,adaptive_weak,1.0,0
137,adaptive_weak,1.0,0
138,adaptive_weak,1.0,0
139,adaptive_weak,1.4,0
140,adaptive_weak,1.0,0
141,adaptive_weak,1.0,0
142,adaptive_strong,1.0,0
143,adaptive_weak,1.0,0
144,adaptive_weak,1.0,0
145,adaptive_weak,1.0,0
146,adaptive_weak,1.0,0
147,adaptive_strong,1.4,0
148,adaptive_strong,1.0,0
149,adaptive_weak,1.0,0
150,adaptive_weak,1.0,0
151,adaptive_weak,1.4,0
152,adaptive_weak,1.0,0
153,adaptive_weak,1.0,0
154,adaptive_weak,1.0,0
155,adaptive_strong,1.0,0
156,adaptive_weak,1.4,0
157,adaptive_weak,1.0,0
158,adaptive_weak,1.0,0
159,adaptive_weak,1.0,0
160,adaptive_weak,1.0,0
161,adaptive_weak,1.4,0
162,adaptive_weak,1.4,0
163,adaptive_weak,1.0,0
164,adaptive_weak,1.0,0
165,adaptive_weak,1.0,0
166,adaptive_strong,1.0,0
167,adaptive_weak,1.0,0
168,adaptive_weak,1.0,0
169,adaptive_weak,1.0,0
170,adaptive_weak,1.0,0
171,adaptive_strong,1.0,0
172,adaptive_weak,1.0,0
173,adaptive_weak,1.0,0
174,adaptive_strong,1.0,0
175,adaptive_strong,1.0,0
176,adaptive_weak,1.4,0
177,adaptive_strong,1.4,0
178,adaptive_weak,1.4,0
179,adaptive_weak,1.0,0
180,adaptive_strong,1.4,0
181,adaptive_weak,1.0,0
182,adaptive_weak,1.0,0
183,adaptive_weak,1.0,0
184,adaptive_weak,1.0,0
185,adaptive_strong,1.0,0
186,adaptive_weak,1.0,0
187,adaptive_weak,1.0,0
188,adaptive_weak,1.0,0
189,adaptive_weak,1.0,0
190,adaptive_weak,1.4,0
191,adaptive_weak,1.0,0
192,adaptive_strong,1.0,0
193,adaptive_weak,1.4,0
194,adaptive_strong,1.0,0
195,adaptive_weak,1.0,0
196,adaptive_weak,1.0,0
197,adaptive_weak,1.0,0
198,adaptive_strong,1.4,0
199,adaptive_weak,1.0,0
200,adaptive_weak,1.4,0
201,adaptive_weak,1.0,0
202,adaptive_weak,1.0,0
203,adaptive_weak,1.0,0
204,adaptive_strong,1.0,0
205,adaptive_weak,1.0,0
206,adaptive_weak,1.0,0
207,adaptive_weak,1.0,0
208,adaptive_weak,1.0,0
209,adaptive_strong,1.0,0
210,adaptive_weak,1.4,0
211,adaptive_weak,1.0,0
212,adaptive_weak,1.0,0
213,adaptive_weak,1.0,0
214,adaptive_weak,1.0,0
215,adaptive_weak,1.0,0
216,adaptive_strong,1.0,0
217,adaptive_strong,1.0,0
218,adaptive_weak,1.0,0
219,adaptive_weak,1.0,0
220,adaptive_weak,1.0,0
221,adaptive_weak,1.0,0
222,adaptive_weak,1.0,0
223,adaptive_weak,1.0,0
224,adaptive_strong,1.0,0
225,adaptive_strong,1.5,1
226,adaptive_weak,1.0,0
227,adaptive_weak,1.4,0
228,adaptive_weak,1.0,0
229,adaptive_weak,1.0,0
230,adaptive_weak,1.0,0
231,adaptive_weak,1.0,0
232,adaptive_weak,1.4,0
233,adaptive_strong,1.0,0
234,adaptive_weak,1.0,0
235,adaptive_weak,1.0,0
236,adaptive_weak,1.0,0
237,adaptive_strong,1.0,0
238,adaptive_weak,1.0,0
239,adaptive_strong,1.0,0
240,adaptive_weak,1.0,0
241,adaptive_weak,1.0,0
242,adaptive_weak,1.0,0
243,adaptive_weak,1.0,0
244,adaptive_weak,1.0,0
245,adaptive_weak,1.4,0
246,adaptive_weak,1.0,0
247,adaptive_weak,1.4,0
248,adaptive_weak,1.0,0
249,adaptive_weak,1.0,0
250,adaptive_weak,1.4,0
251,adaptive_weak,1.4,0
252,adaptive_weak,1.0,0
253,adaptive_weak,1.0,0
254,adaptive_weak,1.0,0
255,adaptive_weak,1.0,0
256,adaptive_weak,1.0,0
257,adaptive_weak,1.0,0
258,adaptive_weak,1.0,0
259,adaptive_weak,1.0,0
260,adaptive_weak,1.0,0
261,adaptive_weak,1.0,0
262,adaptive_weak,1.0,0
263,adaptive_weak,1.4,0
264,adaptive_weak,1.0,0
265,adaptive_weak,1.0,0
266,adaptive_weak,1.4,0
267,adaptive_weak,1.0,0
268,adaptive_weak,1.0,0
269,adaptive_strong,1.0,0
270,adaptive_weak,1.0,0
271,adaptive_weak,1.0,0
272,adaptive_weak,1.0,0
273,adaptive_weak,1.0,0
274,adaptive_strong,1.0,0
275,adaptive_weak,1.4,0
276,adaptive_weak,1.0,0
277,adaptive_weak,1.4,0
278,adaptive_weak,1.0,0
279,adaptive_strong,1.0,0
280,adaptive_weak,1.0,0
281,adaptive_weak,1.4,0
282,adaptive_weak,1.0,0
283,adaptive_weak,1.0,0
284,adaptive_weak,1.0,0
285,adaptive_weak,1.0,0
286,adaptive_strong,1.0,0
287,adaptive_strong,1.4,0
288,adaptive_weak,1.0,0
289,adaptive_weak,1.0,0
290,adaptive_strong,1.0,0
291,adaptive_weak,1.0,0
292,adaptive_weak,1.0,0
293,adaptive_weak,1.0,0
294,adaptive_weak,1.0,0
295,adaptive_weak,1.0,0
296,adaptive_weak,1.4,0
297,adaptive_strong,1.4,0
298,adaptive_weak,1.0,0
299,adaptive_weak,1.0,0
300,adaptive_weak,1.0,0
301,adaptive_weak,1.0,0
302,adaptive_weak,1.0,0
303,adaptive_weak,1.0,0
304,adaptive_weak,1.0,0
305,adaptive_weak,1.0,0
306,adaptive_strong,1.4,0
307,adaptive_strong,1.0,0
308,adaptive_weak,1.0,0
309,adaptive_weak,1.0,0
310,adaptive_strong,1.0,0
311,adaptive_weak,1.0,0
312,adaptive_weak,1.0,0
313,adaptive_strong,1.0,0
314,adaptive_weak,1.0,0
315,adaptive_weak,1.0,0
316,adaptive_weak,1.0,0
317,adaptive_strong,1.0,0
318,adaptive_weak,1.0,0
319,adaptive_weak,1.0,0
320,adaptive_weak,1.0,0
321,adaptive_strong,1.0,0
322,adaptive_weak,1.4,0
323,adaptive_weak,1.0,0
324,adaptive_weak,1.4,0
325,adaptive_weak,1.0,0
326,adaptive_weak,1.4,0
327,adaptive_weak,1.0,0
328,adaptive_weak,1.0,0
329,adaptive_weak,1.0,0
330,adaptive_weak,1.0,0
331,adaptive_strong,1.5,1
332,adaptive_weak,1.0,0
333,adaptive_weak,1.0,0
334,adaptive_weak,1.0,0
335,adaptive_strong,1.0,0
336,adaptive_weak,1.0,0
337,adaptive_weak,1.0,0
338,adaptive_weak,1.0,0
339,adaptive_weak,1.0,0
340,adaptive_weak,1.4,0
341,adaptive_weak,1.4,0
342,adaptive_weak,1.0,0
343,adaptive_weak,1.4,0
344,adaptive_strong,1.0,0
345,adaptive_weak,1.4,0
346,adaptive_weak,1.0,0
347,adaptive_weak,1.0,0
348,adaptive_weak,1.4,0
349,adaptive_weak,1.4,0
350,adaptive_weak,1.4,0
351,adaptive_strong,1.0,0
352,adaptive_strong,1.0,0
353,adaptive_weak,1.0,0
354,adaptive_weak,1.0,0
355,adaptive_strong,1.0,0
356,adaptive_strong,1.0,0
357,adaptive_weak,1.4,0
358,adaptive_strong,1.0,0
359,adaptive_weak,1.0,0
360,adaptive_weak,1.0,0
361,adaptive_weak,1.0,0
362,adaptive_weak,1.0,0
363,adaptive_strong,1.0,0
364,adaptive_weak,1.0,0
365,adaptive_weak,1.0,0
366,adaptive_weak,1.0,0
367,adaptive_weak,1.0,0
368,adaptive_weak,1.0,0
369,adaptive_weak,1.0,0
370,adaptive_strong,1.4,0
371,adaptive_weak,1.0,0
372,adaptive_weak,1.0,0
373,adaptive_weak,1.0,0
374,adaptive_strong,1.4,0
375,adaptive_weak,1.0,0
376,adaptive_weak,1.0,0
377,adaptive_strong,1.5,1
378,adaptive_weak,1.4,0
379,adaptive_weak,1.0,0
380,adaptive_weak,1.0,0
381,adaptive_strong,1.4,0
382,adaptive_weak,1.0,0
383,adaptive_weak,1.0,0
384,adaptive_weak,1.4,0
385,adaptive_weak,1.0,0
386,adaptive_strong,1.0,0
387,adaptive_weak,1.0,0
388,adaptive_strong,1.4,0
389,adaptive_weak,1.0,0
390,adaptive_strong,1.0,0
391,adaptive_strong,1.0,0
392,adaptive_strong,1.0,0
393,adaptive_weak,1.4,0
394,adaptive_weak,1.0,0
395,adaptive_weak,1.0,0
396,adaptive_weak,1.0,0
397,adaptive_weak,1.0,0
398,adaptive_weak,1.0,0
399,adaptive_weak,1.0,0
400,adaptive_weak,1.0,0
401,adaptive_strong,1.0,0
402,adaptive_weak,1.0,0
403,adaptive_weak,1.4,0
404,adaptive_weak,1.0,0
405,adaptive_weak,1.0,0
406,adaptive_strong,1.0,0
407,adaptive_weak,1.0,0
408,adaptive_strong,1.0,0
409,adaptive_weak,1.0,0
410,adaptive_weak,1.0,0
411,adaptive_weak,1.0,0
412,adaptive_weak,1.4,0
413,adaptive_weak,1.0,0
414,adaptive_strong,1.5,1
415,adaptive_weak,1.0,0
416,adaptive_weak,1.0,0
417,adaptive_strong,1.4,0
418,adaptive_weak,1.4,0
419,adaptive_weak,1.0,0
420,adaptive_weak,1.0,0
421,adaptive_weak,1.4,0
422,adaptive_weak,1.0,0
423,adaptive_weak,1.4,0
424,adaptive_weak,1.4,0
425,adaptive_strong,1.0,0
426,adaptive_weak,1.0,0
427,adaptive_weak,1.0,0
428,adaptive_weak,1.0,0
429,adaptive_weak,1.0,0
430,adaptive_weak,1.0,0
431,adaptive_weak,1.4,0
432,adaptive_weak,1.0,0
433,adaptive_weak,1.0,0
434,adaptive_strong,1.5,1
435,adaptive_strong,1.0,0
436,adaptive_weak,1.0,0
437,adaptive_strong,1.4,0
438,adaptive_strong,1.0,0
439,adaptive_weak,1.0,0
440,adaptive_strong,1.0,0
441,adaptive_weak,1.0,0
442,adaptive_strong,1.5,1
443,adaptive_weak,1.0,0
444,adaptive_strong,1.4,0
445,adaptive_weak,1.0,0
446,adaptive_weak,1.0,0
447,adaptive_strong,1.0,0
448,adaptive_weak,1.0,0
449,adaptive_weak,1.4,0
450,adaptive_strong,1.0,0
451,adaptive_weak,1.0,0
452,adaptive_weak,1.0,0
453,adaptive_weak,1.0,0
454,adaptive_strong,1.0,0
455,adaptive_strong,1.0,0
456,adaptive_weak,1.0,0
457,adaptive_weak,1.4,0
458,adaptive_weak,1.0,0
459,adaptive_weak,1.0,0
460,adaptive_weak,1.0,0
461,adaptive_strong,1.0,0
462,adaptive_strong,1.0,0
463,adaptive_weak,1.0,0
464,adaptive_weak,1.0,0
465,adaptive_weak,1.0,0
466,adaptive_weak,1.0,0
467,adaptive_weak,1.4,0
468,adaptive_strong,1.5,1
469,adaptive_weak,1.0,0
470,adaptive_weak,1.0,0
471,adaptive_weak,1.0,0
472,adaptive_weak,1.0,0
473,adaptive_weak,1.0,0
474,adaptive_weak,1.0,0
475,adaptive_weak,1.0,0
476,adaptive_strong,1.5,1
477,adaptive_weak,1.0,0
478,adaptive_weak,1.0,0
479,adaptive_weak,1.0,0
480,adaptive_weak,1.0,0
481,adaptive_strong,1.0,0
482,adaptive_weak,1.0,0
483,adaptive_weak,1.0,0
484,adaptive_weak,1.0,0
485,adaptive_weak,1.4,0
486,adaptive_weak,1.0,0
487,adaptive_weak,1.4,0
488,adaptive_weak,1.0,0
489,adaptive_weak,1.0,0
490,adaptive_weak,1.0,0
491,adaptive_weak,1.0,0
492,adaptive_strong,1.0,0
493,adaptive_weak,1.0,0
494,adaptive_weak,1.0,0
495,adaptive_weak,1.0,0
496,adaptive_weak,1.4,0
497,adaptive_weak,1.4,0
498,adaptive_weak,1.0,0
499,adaptive_weak,1.0,0
500,adaptive_strong,1.4,0
501,adaptive_weak,1.0,0
502,adaptive_strong,1.0,0
503,adaptive_weak,1.4,0
504,adaptive_weak,1.0,0
505,adaptive_weak,1.0,0
506,adaptive_strong,1.0,0
507,adaptive_weak,1.0,0
508,adaptive_weak,1.0,0
509,adaptive_weak,1.0,0
510,adaptive_weak,1.0,0
511,adaptive_weak,1.4,0
512,adaptive_weak,1.0,0
513,adaptive_strong,1.5,1
514,adaptive_weak,1.0,0
515,adaptive_weak,1.0,0
516,adaptive_weak,1.4,0
517,adaptive_weak,1.0,0
518,adaptive_weak,1.0,0
519,adaptive_weak,1.0,0
520,adaptive_weak,1.0,0
521,adaptive_weak,1.0,0
522,adaptive_weak,1.0,0
523,adaptive_weak,1.0,0
524,adaptive_strong,1.4,0
525,adaptive_weak,1.0,0
526,adaptive_weak,1.0,0
527,adaptive_weak,1.0,0
528,adaptive_weak,1.0,0
529,adaptive_strong,1.0,0
530,adaptive_strong,1.0,0
531,adaptive_weak,1.0,0
532,adaptive_strong,1.0,0
533,adaptive_weak,1.0,0
534,adaptive_strong,1.4,0
535,adaptive_weak,1.4,0
536,adaptive_weak,1.4,0
537,adaptive_weak,1.4,0
538,adaptive_strong,1.4,0
539,adaptive_weak,1.0,0
540,adaptive_weak,1.0,0
541,adaptive_weak,1.0,0
542,adaptive_weak,1.4,0
543,adaptive_weak,1.0,0
544,adaptive_weak,1.0,0
545,adaptive_weak,1.4,0
546,adaptive_strong,1.4,0
547,adaptive_weak,1.4,0
548,adaptive_weak,1.4,0
549,adaptive_strong,1.0,0
550,adaptive_weak,1.4,0
551,adaptive_strong,1.5,1
552,adaptive_weak,1.0,0
553,adaptive_weak,1.0,0
554,adaptive_weak,1.0,0
555,adaptive_weak,1.0,0
556,adaptive_weak,1.0,0
557,adaptive_strong,1.0,0
558,adaptive_strong,1.4,0
559,adaptive_weak,1.0,0
560,adaptive_strong,1.5,1
561,adaptive_weak,1.0,0
562,adaptive_weak,1.0,0
563,adaptive_weak,1.0,0
564,adaptive_weak,1.0,0
565,adaptive_weak,1.0,0
566,adaptive_strong,1.0,0
567,adaptive_strong,1.5,1
568,adaptive_weak,1.4,0
569,adaptive_weak,1.0,0
570,adaptive_weak,1.0,0
571,adaptive_weak,1.0,0
572,adaptive_strong,1.4,0
573,adaptive_weak,1.0,0
574,adaptive_weak,1.0,0
575,adaptive_strong,1.5,1
576,adaptive_weak,1.0,0
577,adaptive_weak,1.0,0
578,adaptive_strong,1.0,0
579,adaptive_weak,1.0,0
580,adaptive_weak,1.0,0
581,adaptive_weak,1.0,0
582,adaptive_weak,1.0,0
583,adaptive_weak,1.0,0
584,adaptive_weak,1.0,0
585,adaptive_weak,1.0,0
586,adaptive_weak,1.0,0
587,adaptive_weak,1.4,0
588,adaptive_weak,1.0,0
589,adaptive_weak,1.0,0
590,adaptive_weak,1.0,0
591,adaptive_weak,1.4,0
592,adaptive_weak,1.0,0
593,adaptive_strong,1.5,1
594,adaptive_weak,1.0,0
595,adaptive_weak,1.0,0
596,adaptive_weak,1.0,0
597,adaptive_weak,1.0,0
598,adaptive_weak,1.0,0
599,adaptive_weak,1.0,0
600,adaptive_weak,1.0,0
601,adaptive_weak,1.4,0
602,adaptive_weak,1.0,0
603,adaptive_weak,1.0,0
604,adaptive_weak,1.0,0
605,adaptive_weak,1.0,0
606,adaptive_strong,1.4,0
607,adaptive_weak,1.4,0
608,adaptive_weak,1.0,0
609,adaptive_weak,1.0,0
610,adaptive_weak,1.0,0
611,adaptive_weak,1.0,0
612,adaptive_weak,1.0,0
613,adaptive_weak,1.0,0
614,adaptive_weak,1.0,0
615,adaptive_strong,1.0,0
616,adaptive_weak,1.0,0
617,adaptive_weak,1.0,0
618,adaptive_weak,1.0,0
619,adaptive_strong,1.0,0
620,adaptive_weak,1.4,0
621,adaptive_weak,1.0,0
622,adaptive_weak,1.0,0
623,adaptive_strong,1.4,0
624,adaptive_strong,1.0,0
625,adaptive_strong,1.5,1
626,adaptive_weak,1.0,0
627,adaptive_weak,1.0,0
628,adaptive_weak,1.4,0
629,adaptive_strong,1.4,0
630,adaptive_weak,1.0,0
631,adaptive_weak,1.0,0
632,adaptive_weak,1.0,0
633,adaptive_weak,1.0,0
634,adaptive_weak,1.0,0
635,adaptive_weak,1.0,0
636,adaptive_weak,1.0,0
637,adaptive_strong,1.0,0
638,adaptive_weak,1.0,0
639,adaptive_strong,1.0,0
640,adaptive_weak,1.0,0
641,adaptive_weak,1.4,0
642,adaptive_strong,1.0,0
643,adaptive_weak,1.0,0
644,adaptive_weak,1.4,0
645,adaptive_weak,1.4,0
646,adaptive_strong,1.4,0
647,adaptive_weak,1.0,0
648,adaptive_weak,1.0,0
649,adaptive_weak,1.0,0
650,adaptive_weak,1.0,0
651,adaptive_weak,1.0,0
652,adaptive_weak,1.0,0
653,adaptive_weak,1.0,0
654,adaptive_weak,1.0,0
655,adaptive_weak,1.0,0
656,adaptive_strong,1.4,0
657,adaptive_weak,1.4,0
658,adaptive_strong,1.0,0
659,adaptive_weak,1.0,0
660,adaptive_weak,1.0,0
661,adaptive_weak,1.4,0
662,adaptive_strong,1.0,0
663,adaptive_weak,1.0,0
664,adaptive_weak,1.0,0
665,adaptive_strong,1.0,0
666,adaptive_weak,1.0,0
667,adaptive_strong,1.0,0
668,adaptive_strong,1.0,0
669,adaptive_weak,1.0,0
670,adaptive_strong,1.0,0
671,adaptive_strong,1.0,0
672,adaptive_weak,1.0,0
673,adaptive_weak,1.0,0
674,adaptive_strong,1.0,0
675,adaptive_weak,1.4,0
676,adaptive_strong,1.0,0
677,adaptive_weak,1.0,0
678,adaptive_weak,1.0,0
679,adaptive_weak,1.0,0
680,adaptive_weak,1.0,0
681,adaptive_weak,1.0,0
682,adaptive_weak,1.0,0
683,adaptive_strong,1.4,0
684,adaptive_weak,1.4,0
685,adaptive_weak,1.0,0
686,adaptive_weak,1.0,0
687,adaptive_weak,1.0,0
688,adaptive_weak,1.0,0
689,adaptive_weak,1.0,0
690,adaptive_strong,1.0,0
691,adaptive_weak,1.0,0
692,adaptive_weak,1.4,0
693,adaptive_strong,1.0,0
694,adaptive_weak,1.4,0
695,adaptive_weak,1.0,0
696,adaptive_strong,1.0,0
697,adaptive_weak,1.0,0
698,adaptive_strong,1.4,0
699,adaptive_strong,1.0,0
700,adaptive_weak,1.0,0
701,adaptive_weak,1.0,0
702,adaptive_weak,1.0,0
703,adaptive_weak,1.0,0
704,adaptive_weak,1.0,0
705,adaptive_weak,1.4,0
706,adaptive_weak,1.0,0
707,adaptive_weak,1.0,0
708,adaptive_weak,1.0,0
709,adaptive_strong,1.0,0
710,adaptive_weak,1.4,0
711,adaptive_weak,1.0,0
712,adaptive_weak,1.4,0
713,adaptive_weak,1.0,0
714,adaptive_weak,1.0,0
715,adaptive_weak,1.0,0
716,adaptive_strong,1.0,0
717,adaptive_strong,1.5,1
718,adaptive_strong,1.4,0
719,adaptive_weak,1.0,0
720,adaptive_weak,1.0,0
721,adaptive_weak,1.0,0
722,adaptive_weak,1.0,0
723,adaptive_weak,1.0,0
724,adaptive_weak,1.4,0
725,adaptive_weak,1.0,0
726,adaptive_strong,1.4,0
727,adaptive_strong,1.0,0
728,adaptive_weak,1.0,0
729,adaptive_weak,1.0,0
730,adaptive_weak,1.0,0
731,adaptive_strong,1.0,0
732,adaptive_weak,1.0,0
733,adaptive_strong,1.5,1
734,adaptive_weak,1.0,0
735,adaptive_weak,1.0,0
736,adaptive_weak,1.0,0
737,adaptive_weak,1.0,0
738,adaptive_strong,1.5,1
739,adaptive_weak,1.0,0
740,adaptive_weak,1.0,0
741,adaptive_strong,1.0,0
742,adaptive_strong,1.0,0
743,adaptive_strong,1.5,1
744,adaptive_strong,1.0,0
745,adaptive_weak,1.0,0
746,adaptive_weak,1.0,0
747,adaptive_weak,1.4,0
748,adaptive_weak,1.0,0
749,adaptive_weak,1.4,0
750,adaptive_weak,1.4,0
751,adaptive_weak,1.0,0
752,adaptive_weak,1.4,0
753,adaptive_weak,1.0,0
754,adaptive_weak,1.0,0
755,adaptive_weak,1.4,0
756,adaptive_weak,1.0,0
757,adaptive_weak,1.4,0
758,adaptive_weak,1.0,0
759,adaptive_weak,1.0,0
760,adaptive_weak,1.0,0
761,adaptive_weak,1.0,0
762,adaptive_strong,1.5,1
763,adaptive_strong,1.0,0
764,adaptive_weak,1.0,0
765,adaptive_strong,1.5,1
766,adaptive_weak,1.0,0
767,adaptive_weak,1.0,0
768,adaptive_weak,1.0,0
769,adaptive_weak,1.0,0
770,adaptive_weak,1.0,0
771,adaptive_weak,1.4,0
772,adaptive_weak,1.4,0
773,adaptive_strong,1.4,0
774,adaptive_strong,1.4,0
775,adaptive_weak,1.0,0
776,adaptive_weak,1.0,0
777,adaptive_weak,1.0,0
778,adaptive_strong,1.0,0
779,adaptive_weak,1.0,0
780,adaptive_weak,1.4,0
781,adaptive_weak,1.0,0
782,adaptive_weak,1.4,0
783,adaptive_weak,1.0,0
784,adaptive_weak,1.0,0
785,adaptive_strong,1.4,0
786,adaptive_weak,1.4,0
787,adaptive_weak,1.0,0
788,adaptive_weak,1.0,0
789,adaptive_weak,1.0,0
790,adaptive_weak,1.0,0
791,adaptive_strong,1.5,1
792,adaptive_weak,1.0,0
793,adaptive_weak,1.0,0
794,adaptive_weak,1.0,0
795,adaptive_weak,1.0,0
796,adaptive_weak,1.4,0
797,adaptive_weak,1.0,0
798,adaptive_weak,1.4,0
799,adaptive_strong,1.0,0
800,adaptive_weak,1.4,0
801,adaptive_weak,1.0,0
802,adaptive_weak,1.0,0
803,adaptive_weak,1.4,0
804,adaptive_weak,1.0,0
805,adaptive_weak,1.0,0
806,adaptive_strong,1.5,1
807,adaptive_strong,1.0,0
808,adaptive_strong,1.5,1
809,adaptive_strong,1.0,0
810,adaptive_weak,1.0,0
811,adaptive_weak,1.0,0
812,adaptive_weak,1.0,0
813,adaptive_weak,1.4,0
814,adaptive_weak,1.4,0
815,adaptive_strong,1.0,0
816,adaptive_weak,1.0,0
817,adaptive_strong,1.4,0
818,adaptive_weak,1.0,0
819,adaptive_weak,1.0,0
820,adaptive_strong,1.4,0
821,adaptive_strong,1.0,0
822,adaptive_strong,1.0,0
823,adaptive_strong,1.0,0
824,adaptive_strong,1.4,0
825,adaptive_weak,1.0,0
826,adaptive_weak,1.4,0
827,adaptive_weak,1.4,0
828,adaptive_weak,1.0,0
829,adaptive_weak,1.0,0
830,adaptive_weak,1.0,0
831,adaptive_weak,1.4,0
832,adaptive_weak,1.4,0
833,adaptive_weak,1.0,0
834,adaptive_weak,1.0,0
835,adaptive_strong,1.0,0
836,adaptive_weak,1.0,0
837,adaptive_strong,1.5,1
838,adaptive_strong,1.0,0
839,adaptive_weak,1.0,0
840,adaptive_strong,1.0,0
841,adaptive_strong,1.5,1
842,adaptive_weak,1.0,0
843,adaptive_weak,1.4,0
844,adaptive_strong,1.0,0
845,adaptive_weak,1.0,0
846,adaptive_strong,1.5,1
847,adaptive_weak,1.0,0
848,adaptive_weak,1.0,0
849,adaptive_strong,1.0,0
850,adaptive_weak,1.4,0
851,adaptive_weak,1.0,0
852,adaptive_strong,1.5,1
853,adaptive_weak,1.4,0
854,adaptive_weak,1.0,0
855,adaptive_weak,1.0,0
856,adaptive_strong,1.0,0
857,adaptive_weak,1.0,0
858,adaptive_weak,1.0,0
859,adaptive_strong,1.5,1
860,adaptive_weak,1.0,0
861,adaptive_weak,1.0,0
862,adaptive_weak,1.4,0
863,adaptive_weak,1.0,0
864,adaptive_weak,1.4,0
865,adaptive_strong,1.0,0
866,adaptive_weak,1.4,0
867,adaptive_weak,1.0,0
868,adaptive_weak,1.0,0
869,adaptive_strong,1.0,0
870,adaptive_strong,1.0,0
871,adaptive_weak,1.4,0
872,adaptive_weak,1.0,0
873,adaptive_weak,1.0,0
874,adaptive_weak,1.0,0
875,adaptive_weak,1.0,0
876,adaptive_weak,1.0,0
877,adaptive_weak,1.0,0
878,adaptive_weak,1.4,0
879,adaptive_weak,1.0,0
880,adaptive_weak,1.0,0
881,adaptive_strong,1.0,0
882,adaptive_weak,1.0,0
883,adaptive_weak,1.0,0
884,adaptive_weak,1.4,0
885,adaptive_weak,1.0,0
886,adaptive_weak,1.0,0
887,adaptive_weak,1.0,0
888,adaptive_weak,1.0,0
889,adaptive_strong,1.0,0
890,adaptive_strong,1.0,0
891,adaptive_strong,1.0,0
892,adaptive_weak,1.0,0
893,adaptive_strong,1.0,0
894,adaptive_weak,1.0,0
895,adaptive_strong,1.0,0
896,adaptive_weak,1.0,0
897,adaptive_weak,1.0,0
898,adaptive_weak,1.0,0
899,adaptive_weak,1.4,0
900,adaptive_weak,1.0,0
901,adaptive_weak,1.0,0
902,adaptive_weak,1.0,0
903,adaptive_weak,1.0,0
904,adaptive_weak,1.0,0
905,adaptive_weak,1.4,0
906,adaptive_weak,1.0,0
907,adaptive_weak,1.0,0
908,adaptive_weak,1.0,0
909,adaptive_weak,1.0,0
910,adaptive_strong,1.0,0
911,adaptive_weak,1.4,0
912,adaptive_strong,1.0,0
913,adaptive_weak,1.0,0
914,adaptive_weak,1.0,0
915,adaptive_weak,1.0,0
916,adaptive_strong,1.4,0
917,adaptive_weak,1.0,0
918,adaptive_weak,1.0,0
919,adaptive_weak,1.0,0
920,adaptive_weak,1.4,0
921,adaptive_weak,1.0,0
922,adaptive_weak,1.0,0
923,adaptive_weak,1.0,0
924,adaptive_weak,1.0,0
925,adaptive_weak,1.0,0
926,adaptive_weak,1.0,0
927,adaptive_strong,1.0,0
928,adaptive_weak,1.0,0
929,adaptive_weak,1.0,0
930,adaptive_weak,1.0,0
931,adaptive_weak,1.0,0
932,adaptive_weak,1.0,0
933,adaptive_weak,1.0,0
934,adaptive_weak,1.0,0
935,adaptive_weak,1.4,0
936,adaptive_strong,1.0,0
937,adaptive_strong,1.4,0
938,adaptive_strong,1.4,0
939,adaptive_strong,1.0,0
940,adaptive_weak,1.0,0
941,adaptive_weak,1.0,0
942,adaptive_strong,1.0,0
943,adaptive_weak,1.0,0
944,adaptive_strong,1.4,0
945,adaptive_weak,1.0,0
946,adaptive_strong,1.4,0
947,adaptive_weak,1.0,0
948,adaptive_weak,1.4,0
949,adaptive_strong,1.0,0
950,adaptive_weak,1.0,0
951,adaptive_weak,1.0,0
952,adaptive_weak,1.0,0
953,adaptive_weak,1.4,0
954,adaptive_weak,1.0,0
955,adaptive_weak,1.0,0
956,adaptive_strong,1.0,0
957,adaptive_weak,1.0,0
958,adaptive_weak,1.0,0
959,adaptive_weak,1.4,0
960,adaptive_weak,1.0,0
961,adaptive_weak,1.0,0
962,adaptive_weak,1.0,0
963,adaptive_weak,1.4,0
964,adaptive_strong,1.0,0
965,adaptive_weak,1.0,0
966,adaptive_weak,1.0,0
967,adaptive_weak,1.0,0
968,adaptive_weak,1.0,0
969,adaptive_weak,1.0,0
970,adaptive_weak,1.0,0
971,adaptive_weak,1.0,0
972,adaptive_strong,1.5,1
973,adaptive_weak,1.0,0
974,adaptive_strong,1.4,0
975,adaptive_weak,1.0,0
976,adaptive_weak,1.0,0
977,adaptive_strong,1.0,0
978,adaptive_weak,1.0,0
979,adaptive_strong,1.0,0
980,adaptive_strong,1.0,0
981,adaptive_weak,1.0,0
982,adaptive_weak,1.0,0
983,adaptive_weak,1.0,0
984,adaptive_strong,1.5,1
985,adaptive_weak,1.0,0
986,adaptive_strong,1.0,0
987,adaptive_weak,1.0,0
988,adaptive_weak,1.0,0
989,adaptive_weak,1.0,0
990,adaptive_weak,1.0,0
991,adaptive_weak,1.0,0
992,adaptive_strong,1.0,0
993,adaptive_strong,1.0,0
994,adaptive_strong,1.0,0
995,adaptive_weak,1.0,0
996,adaptive_weak,1.0,0
997,adaptive_weak,1.0,0
998,adaptive_weak,1.0,0
999,adaptive_weak,1.0,0
